{"stats":{"minecraft:killed_by":{"minecraft:creeper":1},"minecraft:mined":{"minecraft:deepslate_redstone_ore":11,"minecraft:white_bed":1,"create_dd:deepslate_tin_ore":10,"minecraft:deepslate_diamond_ore":11,"minecraft:crafting_table":3,"minecraft:emerald_ore":1,"minecraft:grass_block":1,"minecraft:tall_grass":1,"minecraft:copper_ore":14,"minecraft:lapis_ore":2,"regions_unexplored:raw_redstone_block":2,"minecraft:diorite":9,"regions_unexplored:pointed_redstone":2,"minecraft:furnace":1,"regions_unexplored:redstone_bud":5,"minecraft:iron_ore":10,"minecraft:deepslate_lapis_ore":3,"minecraft:grass":2,"minecraft:oak_log":7,"minecraft:coal_ore":9,"minecraft:stone":34,"minecraft:oak_leaves":1,"minecraft:deepslate":16,"regions_unexplored:redstone_bulb":2},"minecraft:picked_up":{"regions_unexplored:pointed_redstone":5,"create_dd:raw_tin":10,"minecraft:crafting_table":3,"minecraft:leather_leggings":1,"minecraft:wooden_pickaxe":1,"minecraft:oak_log":7,"minecraft:lapis_lazuli":24,"minecraft:dirt":1,"minecraft:string":5,"minecraft:raw_copper":50,"culturaldelights:glow_squid":7,"minecraft:bone":4,"minecraft:cobbled_deepslate":16,"extradelight:corn_seeds":2,"minecraft:iron_ingot":1,"minecraft:furnace":1,"minecraft:stick":7,"minecraft:raw_iron":10,"miners_delight:tentacles":11,"minecraft:oak_fence":2,"minecraft:porkchop":11,"createcafe:cassava_seeds":1,"regions_unexplored:raw_redstone_block":2,"minecraft:diorite":9,"minecraft:white_bed":1,"minecraft:redstone":62,"minecraft:spider_eye":2,"minecraft:arrow":5,"regions_unexplored:redstone_bulb":1,"createcafe:coffee_beans":1,"minecraft:diamond":11,"minecraft:emerald":1,"minecraft:oak_sapling":2,"minecraft:mutton":12,"minecraft:coal":9,"minecraft:white_wool":7,"minecraft:cobblestone":34},"minecraft:custom":{"minecraft:interact_with_furnace":10,"minecraft:mob_kills":24,"minecraft:interact_with_crafting_table":16,"minecraft:leave_game":3,"minecraft:time_since_death":5311,"minecraft:sleep_in_bed":2,"minecraft:time_since_rest":5344,"minecraft:sprint_one_cm":126337,"minecraft:damage_taken":942,"minecraft:walk_one_cm":74554,"minecraft:damage_blocked_by_shield":85,"minecraft:drop":9,"minecraft:damage_dealt":3406,"minecraft:swim_one_cm":698,"minecraft:fly_one_cm":221935,"minecraft:open_chest":7,"minecraft:crouch_one_cm":354,"minecraft:play_time":47015,"minecraft:deaths":1,"minecraft:sneak_time":305,"minecraft:walk_under_water_one_cm":21687,"minecraft:boat_one_cm":623,"minecraft:jump":765,"minecraft:walk_on_water_one_cm":17620,"minecraft:total_world_time":47015,"minecraft:fall_one_cm":21927},"minecraft:crafted":{"minecraft:oak_planks":28,"minecraft:diamond_sword":1,"minecraft:cooked_porkchop":11,"minecraft:diamond_axe":1,"minecraft:crafting_table":1,"minecraft:wooden_pickaxe":1,"minecraft:furnace":1,"minecraft:stone_axe":1,"minecraft:cooked_mutton":2,"minecraft:air":0,"minecraft:oak_boat":1,"minecraft:diamond_pickaxe":2,"minecraft:stick":8,"quark:oak_chest":1,"minecraft:stone_pickaxe":1,"minecraft:white_bed":1},"minecraft:used":{"minecraft:diorite":9,"minecraft:leather_leggings":1,"minecraft:stone_pickaxe":42,"minecraft:wooden_pickaxe":11,"minecraft:shield":2,"minecraft:crafting_table":4,"minecraft:white_bed":2,"minecraft:diamond_pickaxe":28,"minecraft:bread":1,"minecraft:iron_pickaxe":61,"minecraft:stone_axe":33,"minecraft:diamond_sword":13,"minecraft:wooden_sword":23,"minecraft:furnace":2,"minecraft:cooked_porkchop":8,"alexsmobs:animal_dictionary":2,"quark:oak_chest":1,"minecraft:oak_boat":1,"minecraft:cobbled_deepslate":7},"minecraft:dropped":{"createcafe:coffee_beans":1,"create_dd:raw_tin":10,"minecraft:cobblestone":19,"createcafe:cassava_seeds":1,"minecraft:dirt":1,"minecraft:oak_sapling":2,"minecraft:wooden_pickaxe":2,"extradelight:corn_seeds":2},"minecraft:killed":{"minecraft:pig":6,"minecraft:zombie_villager":1,"minecraft:spider":4,"minecraft:skeleton":5,"minecraft:sheep":7,"minecraft:zombie":1}},"DataVersion":3120}